{
  "$schema": "../../../../schemas/skill-schemas/skill-config.json",
  "actions": {
    "run": {
      "type": "dialog",
      "utterance_samples": [
        "Thank you",
        "Thanks",
        "Thanks a lot",
        "Many thanks",
        "You are the best"
      ],
      "answers": [
        "You are very welcome.",
        "It's my pleasure.",
        "You are too polite with me.",
        "You are always welcome.",
        "That's my job!",
        "At your service."
      ]
    }
  }
}
