{
  "id": "1700053357086-724b",
  "lang": "en",
  "domain": "utilities",
  "skill": "is_it_down",
  "action": "run",
  "utterance": "Is github.com down?",
  "current_entities": [
    {
      "start": 3,
      "end": 12,
      "len": 10,
      "accuracy": 0.95,
      "sourceText": "google.com",
      "utteranceText": "google.com",
      "entity": "url",
      "resolution": {
        "value": "github.com"
      },
      "type": "url"
    }
  ],
  "entities": [
    {
      "start": 3,
      "end": 12,
      "len": 10,
      "accuracy": 0.95,
      "sourceText": "google.com",
      "utteranceText": "google.com",
      "entity": "url",
      "resolution": {
        "value": "github.com"
      },
      "type": "url"
    }
  ],
  "current_resolvers": [],
  "resolvers": [],
  "slots": {},
  "extra_content_data": {
    "lang": "en",
    "sentiment": {
      "vote": "negative",
      "score": -0.292
    }
  },
  "date": "2023-11-15",
  "time": "21:02:37",
  "timestamp": 1700053357000,
  "date_time": "2023-11-15T21:02:37+08:00",
  "week_day": "Wednesday"
}
