{
  "$schema": "../../../../schemas/skill-schemas/skill-config.json",
  "actions": {
    "run": {
      "type": "dialog",
      "utterance_samples": [
        "Bye",
        "Goodbye",
        "Good bye",
        "See you later",
        "Bye bye",
        "I have to go"
      ],
      "answers": [
        "Bye!",
        "Bye bye!",
        "Good bye.",
        "Bye! Take care.",
        "Good bye, please, take care of yourself.",
        "Bye! Enjoy your time!",
        "See you!",
        "See ya!"
      ]
    }
  }
}
