{
  "$schema": "../../../../schemas/skill-schemas/skill-config.json",
  "variables": {
    "hours": "hours",
    "minutes": "minutes",
    "seconds": "seconds"
  },
  "actions": {
    "set_timer": {
      "type": "logic",
      "utterance_samples": [
        "[Set|Start|Create] a timer for @number [minutes|seconds]"
      ]
    },
    "cancel_timer": {
      "type": "logic",
      "utterance_samples": [
        "[Cancel|Stop|Turn off|Delete] the timer",
        "Don't need the timer"
      ]
    },
    "check_timer": {
      "type": "logic",
      "utterance_samples": [
        "How much time left on the timer",
        "Check the timer",
        "What's the remaining time on the timer"
      ]
    }
  },
  "answers": {
    "timer_set": [
      {
        "speech": "Done. I will let you know when time is up."
      }
    ],
    "cannot_get_duration": [
      "You should provide a duration for the timer.",
      "You didn't provide a duration for the timer."
    ],
    "unit_not_supported": [
      "Sorry, I can't set a timer for this unit. Use %hours%, %minutes% or %seconds% instead.",
      "I can't set a timer for this duration. Use %hours%, %minutes% or %seconds% instead."
    ],
    "no_timer_set": ["No timer is set.", "There is no timer set."],
    "timer_canceled": ["The timer is canceled.", "Timer is stopped."]
  },
  "widget_contents": {
    "second_unit": "second",
    "seconds_unit": "seconds",
    "minutes_unit": "minutes",
    "minute_unit": "minute",
    "total_time": "Total %value% %unit%",
    "times_up": ["Time's up!", "The timer is up!", "The timer has ended!"]
  }
}
