{
  "id": "1700053802548-g66l",
  "lang": "en",
  "domain": "leon",
  "skill": "age",
  "action": "run",
  "utterance": "how old are you?",
  "current_entities": [],
  "entities": [],
  "current_resolvers": [],
  "resolvers": [],
  "slots": {},
  "extra_context_data": {
    "lang": "en",
    "sentiment": { "vote": "neutral", "score": 0 },
    "date": "2023-11-15",
    "time": "21:10:02",
    "timestamp": 1700053802000,
    "date_time": "2023-11-15T21:10:02+08:00",
    "week_day": "Wednesday"
  }
}
