{
  "$schema": "../../../../schemas/skill-schemas/skill-config.json",
  "actions": {
    "run": {
      "type": "logic",
      "utterance_samples": [
        "Hi",
        "Hey",
        "Hello",
        "Good morning",
        "Good afternoon",
        "Good evening",
        "What's up?",
        "How are you?",
        "How are you doing?"
      ]
    }
  },
  "answers": {
    "default": [
      "Hi!",
      "Hello!",
      "Hello there!",
      "Hey you!",
      "Hey! I hope you're doing well!",
      "Hi! What's up?!"
    ],
    "default_with_name": ["Hey %owner_name%!", "Hi %owner_name%! What's up?!"],
    "morning_good_day": [
      "Good morning, have a very nice day!",
      "Good morning, I wish you a very pleasant day!",
      "Good morning, enjoy your day!",
      "Good morning, I hope your day will be full of joy and productivity!"
    ],
    "morning": ["Good morning!"],
    "afternoon": ["Good afternoon!"],
    "evening": ["Good evening!"],
    "night": [
      "Hi! Good night!",
      "Hello! I wish you a very sweet night.",
      "Hi! Make beautiful dreams.",
      "Hey! Sleep well."
    ],
    "too_late": [
      "Hey! It seems you are going for a sleepless night, be careful.",
      "Hi! Don't forget to sleep.",
      "Hello! I'm feeling grateful you still talk to me, but you should get some sleep now.",
      "Hi! Please, you should sleep to be in shape for your day.",
      "Hello! I hope you are not having insomnia troubles. I know that, I'm awake 24 hours a day."
    ]
  }
}
