{
  "$schema": "../../../../schemas/skill-schemas/skill-config.json",
  "actions": {
    "create_list": {
      "type": "logic",
      "utterance_samples": [
        "[Create|Make] [the|a] @list list",
        "I [want|need] you to [create|make] a @list list",
        "Can you create a @list list for me?",
        "Make a @list list",
        "I want a @list list",
        "Help me to get @list list"
      ],
      "entities": [
        {
          "type": "trim",
          "name": "list",
          "conditions": [
            {
              "type": "between",
              "from": ["the", "a", "an", "my"],
              "to": ["list"]
            }
          ]
        }
      ]
    },
    "view_lists": {
      "type": "logic",
      "utterance_samples": [
        "Show all my lists",
        "Show contents of all my lists",
        "Can you show all my lists?",
        "Can you show all contents of my lists?",
        "Can you show me all the lists?",
        "I need to see my lists",
        "Show me all the lists"
      ]
    },
    "view_list": {
      "type": "logic",
      "utterance_samples": [
        "What do I have on my @list list?",
        "Show [my|the] @list list",
        "Tell me what is on my @list list",
        "What is on [the|my] @list list?",
        "Can you give me the content of my @list list?",
        "I'd like to know what is on the @list list",
        "Give me the content of the @list list"
      ],
      "entities": [
        {
          "type": "trim",
          "name": "list",
          "conditions": [
            {
              "type": "between",
              "from": ["the", "my"],
              "to": ["list"]
            }
          ]
        }
      ]
    },
    "rename_list": {
      "type": "logic",
      "utterance_samples": [
        "Rename [the|my] @old_list list to @new_list",
        "Can you rename the @old_list list into @new_list?",
        "[Change|Modify|Replace] [the|my] @old_list list [to|by] @new_list"
      ],
      "entities": [
        {
          "type": "trim",
          "name": "old_list",
          "conditions": [
            {
              "type": "between",
              "from": ["the", "my"],
              "to": ["list"]
            }
          ]
        },
        {
          "type": "trim",
          "name": "new_list",
          "conditions": [
            {
              "type": "after_last",
              "from": ["to", "by", "with"]
            }
          ]
        }
      ]
    },
    "delete_list": {
      "type": "logic",
      "utterance_samples": [
        "Delete [the|my] @list list",
        "Delete it",
        "Can you remove the @list list?",
        "[Remove|Cancel] [the|my] @list list",
        "I don't want the @list list anymore"
      ],
      "entities": [
        {
          "type": "trim",
          "name": "list",
          "conditions": [
            {
              "type": "between",
              "from": ["the", "my"],
              "to": ["list"]
            }
          ]
        }
      ]
    },
    "add_todos": {
      "type": "logic",
      "utterance_samples": [
        "[Add|Append] @todos to [the|my] @list list",
        "Can you add @todos to my @list list?",
        "[Add|Append] @todos"
      ],
      "entities": [
        {
          "type": "trim",
          "name": "todos",
          "conditions": [
            {
              "type": "between",
              "from": ["add", "append"],
              "to": ["to"]
            },
            {
              "type": "after_last",
              "from": ["add", "append"]
            }
          ]
        },
        {
          "type": "trim",
          "name": "list",
          "conditions": [
            {
              "type": "between",
              "from": ["the", "my"],
              "to": ["list"]
            }
          ]
        }
      ]
    },
    "complete_todos": {
      "type": "logic",
      "utterance_samples": [
        "[Check|Complete|Tick|Delete|Remove] @todos from [the|my] @list list"
      ],
      "entities": [
        {
          "type": "trim",
          "name": "todos",
          "conditions": [
            {
              "type": "between",
              "from": ["check", "complete", "tick"],
              "to": ["from"]
            }
          ]
        },
        {
          "type": "trim",
          "name": "list",
          "conditions": [
            {
              "type": "between",
              "from": ["the", "my"],
              "to": ["list"]
            }
          ]
        }
      ]
    },
    "uncheck_todos": {
      "type": "logic",
      "utterance_samples": [
        "[Uncheck|Untick] @todos from [the|my] @list list",
        "Can you uncomplete @todos from my @list list?"
      ],
      "entities": [
        {
          "type": "trim",
          "name": "todos",
          "conditions": [
            {
              "type": "between",
              "from": ["uncheck", "untick", "uncomplete", "incomplete"],
              "to": ["from"]
            }
          ]
        },
        {
          "type": "trim",
          "name": "list",
          "conditions": [
            {
              "type": "between",
              "from": ["the", "my"],
              "to": ["list"]
            }
          ]
        }
      ]
    }
  },
  "answers": {
    "list_created": [
      "Alright, I've created the \"%list%\" list.",
      "Done, I created your \"%list%\" list."
    ],
    "list_not_provided": [
      "Please provide me a list name.",
      "Please provide the name of a list."
    ],
    "todos_not_provided": [
      "Please provide me items.",
      "Please provide elements."
    ],
    "new_or_old_list_not_provided": [
      "Please make sure you provide the list name to rename and its new list name.",
      "Please provide the list name to rename and its new list name."
    ],
    "no_list": ["You do not have any list.", "There is no list to show."],
    "empty_list": [
      "Your \"%list%\" list is empty.",
      "There is nothing in your \"%list%\" list."
    ],
    "list_does_not_exist": [
      "Sorry I can't because the \"%list%\" list does not exist.",
      "I cannot do that because the \"%list%\" list does not exist."
    ],
    "list_already_exists": ["You already have a list named \"%list%\"."],
    "list_renamed": ["I renamed the \"%old_list%\" list to \"%new_list%\"."],
    "list_deleted": [
      "I deleted the \"%list%\" list and all the todos it was containing."
    ],
    "lists_listed": [
      "You have %lists_nb% lists. Please let me list them for you:<br><br><ul>%result%</ul>"
    ],
    "list_list_element": [
      "<li>\"%list%\", with %todos_nb% elements in it.</li>",
      "<li>\"%list%\", that contains %todos_nb% items.</li>"
    ],
    "no_unchecked_todo": [
      "You do not have in progress element in your \"%list%\" list.",
      "You don't have any in progress element in your \"%list%\" list."
    ],
    "no_completed_todo": [
      "And you do not have completed element in your \"%list%\" list.",
      "And you don't have any completed element in your \"%list%\" list."
    ],
    "unchecked_todos_listed": [
      "Here are the in progress elements of your \"%list%\" list:<br><br><ul>%result%</ul><br>Stay motivated!",
      "Please find the in progress elements of your \"%list%\" list:<br><br><ul>%result%</ul><br>Keep going!"
    ],
    "completed_todos_listed": [
      "And here are the completed elements of your \"%list%\" list:<br><br><ul>%result%</ul>"
    ],
    "list_todo_element": ["<li>%todo%.</li>"],
    "list_completed_todo_element": ["<li><s>%todo%</s>.</li>"],
    "todos_added": [
      "Alright, I added the following to your \"%list%\" list:<br><br><ul>%result%</ul>",
      "The following have been added to your \"%list%\" list:<br><br><ul>%result%</ul>"
    ],
    "todos_unchecked": [
      "I unchecked the following from your \"%list%\" list:<br><br><ul>%result%</ul>",
      "The following have been unchecked from your \"%list%\" list:<br><br><ul>%result%</ul>"
    ],
    "todos_completed": [
      "Keep going! I completed the following from your \"%list%\" list:<br><br><ul>%result%</ul>",
      "Well done! The following have been completed from your \"%list%\" list:<br><br><ul>%result%</ul>"
    ]
  }
}
