{
  "$schema": "../../../../schemas/skill-schemas/skill-config.json",
  "actions": {
    "create_list": {
      "type": "logic",
      "utterance_samples": [
        "[Crée|Fais] [la|une] liste @list",
        "Je veux que tu crées une liste @list",
        "Peux-tu créer une liste @list ?",
        "J'ai besoin que tu fasses une liste @list",
        "Je veux une liste @list",
        "Aides-moi à avoir une liste @list",
        "Peux-tu ajouter une liste @list ?"
      ],
      "entities": [
        {
          "type": "trim",
          "name": "list",
          "conditions": [
            {
              "type": "after_last",
              "from": "liste"
            }
          ]
        }
      ]
    },
    "view_lists": {
      "type": "logic",
      "utterance_samples": [
        "Montre toutes mes listes",
        "Montre le contenu de toutes mes listes",
        "Peux-tu me dire toutes mes listes ?",
        "Peux-tu montrer tout le contenu de mes listes ?",
        "Peux-tu me montrer toutes les listes ?",
        "J'ai besoin de voir mes listes",
        "Montre moi toutes les listes"
      ]
    },
    "view_list": {
      "type": "logic",
      "utterance_samples": [
        "Montre [ma|la] liste @list",
        "Dis moi ce qu'il y a dans ma liste @list",
        "Qu'est-ce qu'il y a sur la liste @list ?",
        "Peux-tu donner le contenu de ma liste @list ?",
        "J'aimerai savoir ce qu'il y a sur la liste @list",
        "Donne-moi le contenu de la liste @list",
        "J'ai besoin que tu me dises ce qu'il y a dans la liste @list",
        "Il y a quoi dans ma liste @list ?",
        "Donne-moi la liste @list"
      ],
      "entities": [
        {
          "type": "trim",
          "name": "list",
          "conditions": [
            {
              "type": "after_last",
              "from": "liste"
            }
          ]
        }
      ]
    },
    "rename_list": {
      "type": "logic",
      "utterance_samples": [
        "[Renomme|Change|Modifie|Remplace] [la|ma] liste @old_list [en|par] @new_list",
        "Peux-tu renommer la liste @old_list en @new_list ?"
      ],
      "entities": [
        {
          "type": "trim",
          "name": "old_list",
          "conditions": [
            {
              "type": "between",
              "from": "liste",
              "to": ["en", "par"]
            }
          ]
        },
        {
          "type": "trim",
          "name": "new_list",
          "conditions": [
            {
              "type": "after_last",
              "from": ["en", "par"]
            }
          ]
        }
      ]
    },
    "delete_list": {
      "type": "logic",
      "utterance_samples": [
        "[Supprime|Retire|Annule] [la|ma] liste @list",
        "Supprime la",
        "Peux-tu retirer la liste @list ?",
        "Je ne veux plus de la liste @list"
      ],
      "entities": [
        {
          "type": "trim",
          "name": "list",
          "conditions": [
            {
              "type": "after_last",
              "from": "liste"
            }
          ]
        }
      ]
    },
    "add_todos": {
      "type": "logic",
      "utterance_samples": [
        "Ajoute @todos à [ma|la] liste @list",
        "Peux-tu ajouter @todos à la liste @list ?",
        "Il faut mettre la @todos dans la liste @list"
      ],
      "entities": [
        {
          "type": "trim",
          "name": "todos",
          "conditions": [
            {
              "type": "between",
              "from": ["ajoute", "ajouter"],
              "to": ["à", "a", "dans"]
            }
          ]
        },
        {
          "type": "trim",
          "name": "list",
          "conditions": [
            {
              "type": "after_last",
              "from": "liste"
            }
          ]
        }
      ]
    },
    "complete_todos": {
      "type": "logic",
      "utterance_samples": [
        "[Coche|Complète] @todos de [la|ma] liste @list",
        "Tu peux cocher @todos de la liste @list"
      ],
      "entities": [
        {
          "type": "trim",
          "name": "todos",
          "conditions": [
            {
              "type": "between",
              "from": ["coche", "complète", "complete", "cocher"],
              "to": ["de"]
            }
          ]
        },
        {
          "type": "trim",
          "name": "list",
          "conditions": [
            {
              "type": "after_last",
              "from": "liste"
            }
          ]
        }
      ]
    },
    "uncheck_todos": {
      "type": "logic",
      "utterance_samples": [
        "[Décoche|Remet|Invalide] @todos de [la|ma] liste @list",
        "Peux-tu incompléter @todos de ma liste @list ?"
      ],
      "entities": [
        {
          "type": "trim",
          "name": "todos",
          "conditions": [
            {
              "type": "between",
              "from": ["décoche", "decoche", "invalide", "remet"],
              "to": ["de", "sur"]
            }
          ]
        },
        {
          "type": "trim",
          "name": "list",
          "conditions": [
            {
              "type": "after_last",
              "from": "liste"
            }
          ]
        }
      ]
    }
  },
  "answers": {
    "list_created": [
      "Entendu, j'ai créé la liste \"%list%\".",
      "C'est fait, j'ai créé votre liste \"%list%\"."
    ],
    "list_not_provided": [
      "Merci de me fournir un nom de liste.",
      "Merci de fournir le nom d'une liste."
    ],
    "todos_not_provided": [
      "Merci de me fournir des éléments.",
      "Merci de fournir des éléments."
    ],
    "new_or_old_list_not_provided": [
      "Merci de vous assurer d'avoir fourni le nom de la liste à renommer et son nouveau nom.",
      "Merci de fournir le nom de la liste à renommer ainsi que son nouveau nom."
    ],
    "no_list": [
      "Je n'ai trouvé aucune liste.",
      "Il n'y a pas de liste à montrer."
    ],
    "empty_list": [
      "Votre liste \"%list%\" est vide.",
      "Il n'y a rien dans votre liste \"%list%\"."
    ],
    "list_does_not_exist": [
      "Désolé je ne peux pas car la liste \"%list%\" n'éxiste pas.",
      "Je ne peux pas parce que la liste \"%list%\" n'éxiste pas."
    ],
    "list_already_exists": ["Vous avez déjà une liste nommée \"%list%\"."],
    "list_renamed": ["J'ai renommé la liste \"%old_list%\" en \"%new_list%\"."],
    "list_deleted": [
      "J'ai supprimé la liste \"%list%\" et tous les éléments qu'elle contenait."
    ],
    "lists_listed": [
      "Vous avez %lists_nb% listes. Permettez-moi de vous les lister :<br><br><ul>%result%</ul>"
    ],
    "list_list_element": [
      "<li>\"%list%\", avec %todos_nb% éléments.</li>",
      "<li>\"%list%\", contenant %todos_nb% éléments.</li>"
    ],
    "no_unchecked_todo": [
      "Vous n'avez pas d'élément en attente dans votre liste \"%list%\".",
      "Vous n'avez aucun élément en attente dans votre liste \"%list%\"."
    ],
    "no_completed_todo": [
      "Et vous n'avez pas d'élément complété dans votre liste \"%list%\".",
      "Et vous n'avez aucun élément complété dans votre liste \"%list%\"."
    ],
    "unchecked_todos_listed": [
      "Voici les éléments en attente de votre liste \"%list%\" :<br><br><ul>%result%</ul><br>Restez motivé !",
      "Voici les éléments en attente de votre liste \"%list%\" :<br><br><ul>%result%</ul><br>Continuez ainsi !"
    ],
    "completed_todos_listed": [
      "Et voici les éléments complétés de votre liste \"%list%\" :<br><br><ul>%result%</ul>"
    ],
    "list_todo_element": ["<li>%todo%.</li>"],
    "list_completed_todo_element": ["<li><s>%todo%</s>.</li>"],
    "todos_added": [
      "Entendu, j'ai ajouté ceci à votre liste \"%list%\" :<br><br><ul>%result%</ul>",
      "Ce qui suit vient d'être ajouté à votre liste \"%list%\" :<br><br><ul>%result%</ul>"
    ],
    "todos_unchecked": [
      "J'ai décomplété ceci de votre liste \"%list%\" :<br><br><ul>%result%</ul>",
      "Ce qui suit vient d'être décomplété de votre liste \"%list%\" :<br><br><ul>%result%</ul>"
    ],
    "todos_completed": [
      "Continue ainsi ! J'ai complété ceci de votre liste \"%list%\" :<br><br><ul>%result%</ul>",
      "Bien joué ! Ce qui suit vient d'être complété de votre liste \"%list%\" :<br><br><ul>%result%</ul>"
    ]
  }
}
