{
  "endpoints": [
    {
      "method": "POST",
      "route": "/api/action/games/akinator/choose_thematic",
      "params": ["thematic"],
      "entitiesType": "trim"
    },
    {
      "method": "GET",
      "route": "/api/action/games/akinator/setup",
      "params": []
    },
    {
      "method": "GET",
      "route": "/api/action/games/akinator/guess",
      "params": []
    },
    {
      "method": "GET",
      "route": "/api/action/games/akinator/retry",
      "params": []
    },
    {
      "method": "GET",
      "route": "/api/action/games/guess_the_number/setup",
      "params": []
    },
    {
      "method": "GET",
      "route": "/api/action/games/guess_the_number/guess",
      "params": []
    },
    {
      "method": "GET",
      "route": "/api/action/games/guess_the_number/replay",
      "params": []
    },
    {
      "method": "GET",
      "route": "/api/action/games/rochambeau/start",
      "params": []
    },
    {
      "method": "POST",
      "route": "/api/action/games/rochambeau/play",
      "params": ["handsign"],
      "entitiesType": "trim"
    },
    {
      "method": "GET",
      "route": "/api/action/games/rochambeau/rematch",
      "params": []
    },
    {
      "method": "POST",
      "route": "/api/action/news/github_trends/run",
      "params": ["number", "daterange"],
      "entitiesType": "builtIn"
    },
    {
      "method": "GET",
      "route": "/api/action/news/product_hunt_trends/run",
      "params": []
    },
    {
      "method": "GET",
      "route": "/api/action/leon/age/run",
      "params": []
    },
    {
      "method": "GET",
      "route": "/api/action/leon/color/favorite_color",
      "params": []
    },
    {
      "method": "GET",
      "route": "/api/action/leon/color/why",
      "params": []
    },
    {
      "method": "GET",
      "route": "/api/action/leon/color/color_hexadecimal",
      "params": []
    },
    {
      "method": "GET",
      "route": "/api/action/leon/good_bye/run",
      "params": []
    },
    {
      "method": "GET",
      "route": "/api/action/leon/greeting/run",
      "params": []
    },
    {
      "method": "GET",
      "route": "/api/action/leon/help/help",
      "params": []
    },
    {
      "method": "GET",
      "route": "/api/action/leon/introduction/introduce_leon",
      "params": []
    },
    {
      "method": "GET",
      "route": "/api/action/leon/introduction/gather_basic_info",
      "params": []
    },
    {
      "method": "GET",
      "route": "/api/action/leon/introduction/remember",
      "params": []
    },
    {
      "method": "GET",
      "route": "/api/action/leon/joke/run",
      "params": []
    },
    {
      "method": "GET",
      "route": "/api/action/leon/meaning_of_life/run",
      "params": []
    },
    {
      "method": "GET",
      "route": "/api/action/leon/partner_assistant/run",
      "params": []
    },
    {
      "method": "GET",
      "route": "/api/action/leon/random_number/run",
      "params": []
    },
    {
      "method": "GET",
      "route": "/api/action/leon/thanks/run",
      "params": []
    },
    {
      "method": "POST",
      "route": "/api/action/productivity/todo_list/create_list",
      "params": ["list"],
      "entitiesType": "trim"
    },
    {
      "method": "GET",
      "route": "/api/action/productivity/todo_list/view_lists",
      "params": []
    },
    {
      "method": "POST",
      "route": "/api/action/productivity/todo_list/view_list",
      "params": ["list"],
      "entitiesType": "trim"
    },
    {
      "method": "POST",
      "route": "/api/action/productivity/todo_list/rename_list",
      "params": ["old_list", "new_list"],
      "entitiesType": "trim"
    },
    {
      "method": "POST",
      "route": "/api/action/productivity/todo_list/delete_list",
      "params": ["list"],
      "entitiesType": "trim"
    },
    {
      "method": "POST",
      "route": "/api/action/productivity/todo_list/add_todos",
      "params": ["todos", "list"],
      "entitiesType": "trim"
    },
    {
      "method": "POST",
      "route": "/api/action/productivity/todo_list/complete_todos",
      "params": ["todos", "list"],
      "entitiesType": "trim"
    },
    {
      "method": "POST",
      "route": "/api/action/productivity/todo_list/uncheck_todos",
      "params": ["todos", "list"],
      "entitiesType": "trim"
    },
    {
      "method": "GET",
      "route": "/api/action/social_communication/conversation/setup",
      "params": []
    },
    {
      "method": "GET",
      "route": "/api/action/social_communication/conversation/chit_chat",
      "params": []
    },
    {
      "method": "GET",
      "route": "/api/action/social_communication/conversation/converse",
      "params": []
    },
    {
      "method": "GET",
      "route": "/api/action/social_communication/mbti/setup",
      "params": []
    },
    {
      "method": "GET",
      "route": "/api/action/social_communication/mbti/quiz",
      "params": []
    },
    {
      "method": "GET",
      "route": "/api/action/unknown/widget-playground/run",
      "params": []
    },
    {
      "method": "GET",
      "route": "/api/action/utilities/date_time/current_date_time",
      "params": []
    },
    {
      "method": "GET",
      "route": "/api/action/utilities/date_time/current_date",
      "params": []
    },
    {
      "method": "GET",
      "route": "/api/action/utilities/date_time/current_time",
      "params": []
    },
    {
      "method": "GET",
      "route": "/api/action/utilities/date_time/current_week_number",
      "params": []
    },
    {
      "method": "GET",
      "route": "/api/action/utilities/date_time/days_countdown",
      "params": []
    },
    {
      "method": "GET",
      "route": "/api/action/utilities/date_time/current_date_time_with_time_zone",
      "params": []
    },
    {
      "method": "GET",
      "route": "/api/action/utilities/have_i_been_pwned/run",
      "params": []
    },
    {
      "method": "POST",
      "route": "/api/action/utilities/is_it_down/run",
      "params": ["url"],
      "entitiesType": "builtIn"
    },
    {
      "method": "GET",
      "route": "/api/action/utilities/speed_test/run",
      "params": []
    },
    {
      "method": "GET",
      "route": "/api/action/utilities/timer/set_timer",
      "params": []
    },
    {
      "method": "GET",
      "route": "/api/action/utilities/timer/cancel_timer",
      "params": []
    },
    {
      "method": "GET",
      "route": "/api/action/utilities/timer/check_timer",
      "params": []
    },
    {
      "method": "GET",
      "route": "/api/action/utilities/translator-poc/setup",
      "params": []
    },
    {
      "method": "GET",
      "route": "/api/action/utilities/translator-poc/ready",
      "params": []
    },
    {
      "method": "GET",
      "route": "/api/action/utilities/translator-poc/translate",
      "params": []
    }
  ]
}
