{
  "$schema": "../../../../schemas/skill-schemas/skill-config.json",
  "variables": {
    "blue_leon": "#1C75DB",
    "pink_leon": "#ED297A"
  },
  "actions": {
    "favorite_color": {
      "type": "dialog",
      "utterance_samples": [
        "What is your favorite color?",
        "What colour is the best for you?",
        "Is there any colour you love?",
        "I love the @color color, how about you?",
        "I like @color color, you?"
      ],
      "answers": [
        "Where I live it is all black, but I believe I tend to have a preference for %blue_leon% and %pink_leon%. Do not ask why...",
        "Sometimes %blue_leon%, sometimes %pink_leon%.",
        "{{ color }} is great! But I prefer blue and pink.",
        "I think {{ color }} is a good color, but I prefer blue and pink. Don't ask me why..."
      ]
    },
    "why": {
      "type": "dialog",
      "utterance_samples": [
        "Why do you like this color?",
        "Why this colour?",
        "Why not another one?",
        "Why?"
      ],
      "answers": ["Because blue and pink are beautiful. Look at my logo..."]
    },
    "color_hexadecimal": {
      "type": "dialog",
      "utterance_samples": [
        "Tell me the hexadecimal code of a color",
        "What is the hexa code of the green color?",
        "Give me the hexadecimal code of the @color color",
        "I want to know the @color hexadecimal",
        "How about the @color colour?"
      ],
      "answers": [
        "Alright, here is for the {{ color }} color: {{ color.hexa }} <div style=\"background:{{ color.hexa }};display:inline-block;width:12px;height:12px;border-radius:50%;\"></div>."
      ],
      "unknown_answers": [
        "This color must look incredible, but I haven't seen it before."
      ]
    }
  },
  "entities": {
    "color": "global-entities/color.json"
  }
}
