{
  "$schema": "../../../../schemas/skill-schemas/skill-config.json",
  "actions": {
    "run": {
      "type": "logic",
      "utterance_samples": [
        "Quelles sont les tendances sur Product Hunt ?",
        "Donne-moi les tendances Product Hunt",
        "Qu'est-ce qu'il y a en tendance sur Product Hunt ?",
        "Quelles sont les tendances sur PH ?",
        "Donne-moi les tendances PH",
        "Qu'est-ce qu'il y a en tendance sur PH ?"
      ]
    }
  },
  "answers": {
    "limit_max": [
      "Vous demandez beaucoup trop de tendances, laissez moi plutôt vous donner les %new_limit% tendances.",
      "%limit% tendances Product Hunt c'est beaucoup, permettez moi de vous donner les %new_limit% tendances à la place."
    ],
    "reaching": [
      "Je suis en train d'atteindre Product Hunt, veuillez patienter une seconde...",
      "Laissez moi atteindre Product Hunt..."
    ],
    "today": [
      "Voici les %limit% dernières tendances Product Hunt du jour :<br><br><ul>%result%</ul>"
    ],
    "unreachable": [
      "Product Hunt est inaccessible pour le moment, merci de réessayer plus tard.",
      "Je rencontre des difficultés pour atteindre Product Hunt, merci de réessayer plus tard.",
      "Product Hunt semble ne pas fonctionner correctement, veuillez retenter plus tard."
    ],
    "list_element": [
      "<li>#%rank%. <a href=\"%post_url%\" target=\"_blank\">%product_name%</a> avec %votes_nb% votes.</li>"
    ],
    "not_found": [
      "Il n'y a pas de produit à cette date.",
      "Je n'ai trouvé aucun produit à cette date."
    ],
    "invalid_developer_token": [
      "Votre jeton de développeur Product Hunt est invalide. Merci d'en fournir un valide en <a href=\"https://github.com/leon-ai/leon/tree/develop/skills/news/product_hunt_trends\" target=\"_blank\">lisant ceci</a>."
    ]
  }
}
