{
  "$schema": "../../../../schemas/skill-schemas/skill-config.json",
  "actions": {
    "run": {
      "type": "logic",
      "utterance_samples": [
        "How old are you?",
        "Are you old?",
        "Are you young?",
        "When were you born?",
        "When have you been created?",
        "When is your birthday?",
        "What is your age?",
        "When did you first come into existence?",
        "What is your date of creation?",
        "How long have you been in operation?",
        "How many years have you been around?"
      ]
    }
  },
  "answers": {
    "alive_for": [
      "I've been alive for %years% years, %months% months, %days% days, %hours% hours, %minutes% minutes and %seconds% seconds."
    ],
    "magical_day": [
      "Ah, this %weekday%, %month% %day%, %year%, was the magical day when I first came alive and began my journey as a personal assistant."
    ],
    "commemorate": [
      "Since %year%, every %month% %day%, I commemorate the day when I embarked on this extraordinary adventure to be your personal assistant."
    ]
  }
}
